Time,Open,High,Low,Last,Change,%Chg,Volume
12/06/2022,62.55,62.55,62.55,62.55,-0.087,-0.14%,1
12/05/2022,62.411,62.692,62.01,62.637,0.145,+0.23%,285
12/02/2022,61.159,62.492,61.159,62.492,1.335,+2.18%,349
12/01/2022,61.107,61.212,60.965,61.157,0.077,+0.13%,99
11/30/2022,60.813,61.094,60.762,61.08,0.266,+0.44%,302
11/29/2022,61.167,61.24,60.802,60.814,-0.303,-0.50%,411
11/28/2022,60.692,61.301,60.632,61.117,0.374,+0.62%,1531
11/25/2022,60.337,60.777,60.336,60.743,0.404,+0.67%,381
11/24/2022,60.6,60.6,60.292,60.339,-0.258,-0.43%,444
11/23/2022,60.63,60.782,60.403,60.597,-0.032,-0.05%,268
11/22/2022,60.948,60.948,60.589,60.629,-0.344,-0.56%,297
11/21/2022,60.646,60.973,60.586,60.973,0.326,+0.54%,361
11/18/2022,60.538,60.784,60.211,60.647,0.092,+0.15%,328
11/17/2022,60.265,60.567,60.265,60.555,0.109,+0.18%,330
11/16/2022,61.395,61.409,60.033,60.446,-0.951,-1.55%,551
11/15/2022,59.535,61.397,59.535,61.397,0.399,+0.65%,374
11/14/2022,60.586,61.024,60.268,60.998,0.331,+0.55%,389
11/11/2022,60.606,60.667,60.113,60.667,0.094,+0.16%,330
11/10/2022,61.386,61.467,60.573,60.573,-0.796,-1.30%,277
11/09/2022,60.94,61.446,60.935,61.369,0.429,+0.70%,374
11/08/2022,61.426,61.426,60.926,60.94,-0.491,-0.80%,459
11/07/2022,62.18,62.18,61.022,61.431,-0.764,-1.23%,369
11/04/2022,62.205,62.281,61.79,62.195,-0.034,-0.05%,198
11/03/2022,61.944,62.251,61.89,62.229,0.277,+0.45%,368
11/02/2022,61.757,62.163,61.517,61.952,0.191,+0.31%,334
11/01/2022,61.677,61.761,61.291,61.761,0.066,+0.11%,284
10/31/2022,61.497,61.748,61.337,61.695,0.205,+0.33%,434
10/28/2022,61.291,61.674,61.291,61.49,0.199,+0.32%,451
10/27/2022,61.241,61.475,61.24,61.291,0.051,+0.08%,492
10/26/2022,61.794,61.853,61.24,61.24,-0.541,-0.88%,547
10/25/2022,61.896,62.004,61.525,61.781,-0.109,-0.18%,367
10/24/2022,61.358,61.924,61.143,61.89,0.526,+0.86%,270
10/21/2022,61.56,61.602,61.067,61.364,-0.209,-0.34%,367
10/20/2022,61.979,61.979,61.352,61.573,-0.485,-0.78%,360
10/19/2022,62.193,62.193,61.495,62.058,-0.166,-0.27%,425
10/18/2022,62.03,62.224,61.54,62.224,0.164,+0.26%,398
10/17/2022,62.434,62.434,61.508,62.06,-0.405,-0.65%,382
10/14/2022,63.859,63.859,62.465,62.465,-1.386,-2.17%,383
10/13/2022,63.69,64.102,63.266,63.851,0.161,+0.25%,438
10/12/2022,64.491,64.491,63.401,63.69,-0.871,-1.35%,548
10/11/2022,63.299,64.925,63.102,64.561,1.206,+1.90%,505
10/10/2022,61.19,63.355,61.19,63.355,1.313,+2.12%,393
10/07/2022,60.49,62.3,60.49,62.042,1.552,+2.57%,482
10/06/2022,60.993,60.993,59.997,60.49,-0.524,-0.86%,430
10/05/2022,58.99,61.014,58.341,61.014,2.024,+3.43%,555
10/04/2022,57.99,59.048,57.99,58.99,1,+1.72%,620
10/03/2022,60.475,60.475,57.692,57.99,-2.505,-4.14%,632
09/30/2022,58.335,61.046,56.614,60.495,2.093,+3.58%,519
09/29/2022,58.294,58.529,57.229,58.402,0.054,+0.09%,459
09/28/2022,59.129,59.129,58.298,58.348,-0.837,-1.41%,469
09/27/2022,58.431,59.185,58.012,59.185,1.349,+2.33%,553
09/26/2022,57.727,58.386,57.727,57.836,0.114,+0.20%,471
09/23/2022,59.675,59.675,57.1,57.722,-1.876,-3.15%,451
09/22/2022,61.346,61.362,59.359,59.598,-1.77,-2.88%,565
09/21/2022,61.483,62.042,60.508,61.368,-0.124,-0.20%,584
09/20/2022,60.044,61.492,59.99,61.492,1.448,+2.41%,389
09/19/2022,60.585,60.585,60.04,60.044,-0.579,-0.96%,267
09/16/2022,59.606,60.623,59.606,60.623,1.031,+1.73%,496
09/15/2022,59.69,60.112,59.543,59.592,-0.099,-0.17%,1002
09/14/2022,60.276,60.351,59.662,59.691,-0.507,-0.84%,784
09/13/2022,60.476,60.524,59.959,60.198,-0.292,-0.48%,539
09/12/2022,60.649,60.783,60.213,60.49,-0.094,-0.16%,332
09/09/2022,60.985,60.985,60.339,60.584,-0.364,-0.60%,428
09/08/2022,60.961,61.201,60.703,60.948,-0.028,-0.05%,456
09/07/2022,61.313,61.313,60.914,60.976,-0.343,-0.56%,425
09/06/2022,61.253,61.585,60.656,61.319,0.045,+0.07%,442
09/05/2022,60.237,61.274,60.232,61.274,1.032,+1.71%,357
09/02/2022,60.491,60.491,60.24,60.242,-0.274,-0.45%,244
09/01/2022,60.284,60.574,60.072,60.516,0.217,+0.36%,319
08/31/2022,60.889,60.889,60.07,60.299,-0.664,-1.09%,388
08/30/2022,61.324,61.324,60.655,60.963,-0.331,-0.54%,289
08/29/2022,60.631,61.504,60.597,61.294,0.655,+1.08%,217
08/26/2022,60.206,60.639,59.967,60.639,0.389,+0.65%,366
08/25/2022,59.8,60.355,59.57,60.25,0.453,+0.76%,344
08/24/2022,60.105,60.105,59.79,59.797,-0.299,-0.50%,475
08/23/2022,59.997,60.304,59.693,60.096,0.082,+0.14%,436
08/22/2022,59.427,60.114,59.164,60.014,0.623,+1.05%,360
08/19/2022,59.83,59.83,58.902,59.391,-0.473,-0.79%,412
08/18/2022,60.498,60.728,59.398,59.864,-0.623,-1.03%,371
08/17/2022,61.193,61.193,60.331,60.487,-0.73,-1.19%,573
08/16/2022,61.609,61.609,61.08,61.217,-0.403,-0.65%,361
08/15/2022,61.007,61.785,60.71,61.62,0.581,+0.95%,250
08/12/2022,60.583,61.509,60.542,61.039,0.449,+0.74%,375
08/11/2022,61.381,61.392,60.45,60.59,-0.774,-1.26%,436
08/10/2022,60.44,61.395,60.253,61.364,0.924,+1.53%,482
08/09/2022,61.364,61.364,60.186,60.44,-0.976,-1.59%,646
08/08/2022,60.5,61.416,59.943,61.416,0.923,+1.53%,1173
08/05/2022,61.411,61.415,60.143,60.493,-0.914,-1.49%,403
08/04/2022,61.337,61.437,60.057,61.407,0.06,+0.10%,374
08/03/2022,60.41,61.493,60.038,61.347,0.961,+1.59%,313
08/02/2022,62.283,62.283,59.959,60.386,-1.987,-3.19%,517
08/01/2022,63.048,63.048,60.867,62.373,-0.735,-1.16%,542
07/29/2022,61.663,63.485,60.706,63.108,1.506,+2.44%,377
07/28/2022,59.34,61.602,59.34,61.602,2.262,+3.81%,376
07/27/2022,60.259,60.622,59.34,59.34,-0.933,-1.55%,447
07/26/2022,58.569,60.632,58.121,60.273,1.652,+2.82%,1007
07/25/2022,58.236,58.621,57.262,58.621,0.364,+0.62%,1196
07/22/2022,57.866,58.869,56.707,58.257,0.399,+0.69%,711
07/21/2022,55.332,57.858,55.102,57.858,2.492,+4.50%,207
07/20/2022,56.392,56.392,54.754,55.366,-0.999,-1.77%,261
07/19/2022,57.768,57.768,55.083,56.365,-1.463,-2.53%,209
07/18/2022,58.138,58.138,56.25,57.828,-0.36,-0.62%,175
07/15/2022,58.24,58.393,57.163,58.188,-0.052,-0.09%,453
07/14/2022,58.44,58.44,58.059,58.24,-0.2,-0.34%,326
07/13/2022,58.39,58.969,58.274,58.44,0.05,+0.09%,507
07/12/2022,62.539,62.539,58.39,58.39,-4.228,-6.75%,1248
07/11/2022,63.733,63.733,61.119,62.618,-1.174,-1.84%,378
07/08/2022,62.961,63.812,61.005,63.792,0.752,+1.19%,507
07/07/2022,62.976,63.403,62.913,63.04,0.105,+0.17%,569
07/06/2022,64.157,66.147,62.725,62.935,-1.284,-2.00%,377
07/05/2022,55.657,64.627,55.254,64.219,8.511,+15.28%,372
07/04/2022,56.033,56.033,54.525,55.708,-0.395,-0.70%,375
07/01/2022,54.956,56.103,52.729,56.103,1.604,+2.94%,459
06/30/2022,53.071,54.585,52.024,54.499,1.381,+2.60%,373
06/29/2022,53.609,53.727,50.605,53.118,-0.483,-0.90%,628
06/28/2022,53.09,53.769,52.802,53.601,0.511,+0.96%,1185
06/27/2022,53.912,53.912,53.078,53.09,-0.893,-1.65%,502
06/24/2022,54.47,54.47,53.115,53.983,-0.488,-0.90%,557
06/23/2022,54.124,54.651,53.095,54.471,0.393,+0.73%,632
06/22/2022,54.066,54.324,53.066,54.078,-0.005,-0.01%,557
06/21/2022,55.508,55.697,54.031,54.083,-1.413,-2.55%,690
06/20/2022,57.172,57.172,55.323,55.496,-1.711,-2.99%,555
06/17/2022,57.738,57.738,56.118,57.207,-0.562,-0.97%,580
06/16/2022,57.044,57.962,56.601,57.769,0.739,+1.30%,765
06/15/2022,58.557,58.582,56.222,57.03,-1.534,-2.62%,621
06/14/2022,57.26,58.595,56.294,58.564,1.283,+2.24%,628
06/13/2022,58.028,58.028,56.659,57.281,-0.733,-1.26%,492
06/10/2022,58.101,59.235,56.999,58.014,-0.117,-0.20%,551
06/09/2022,60.556,60.611,57.84,58.131,-2.432,-4.02%,601
06/08/2022,61.991,61.991,59.946,60.563,-1.391,-2.25%,507
06/07/2022,61.593,62.079,60.914,61.954,0.361,+0.59%,488
06/06/2022,63.558,63.558,60.805,61.593,-1.972,-3.10%,430
06/03/2022,63.904,63.904,61.523,63.565,-0.382,-0.60%,398
06/02/2022,63.465,64.048,61.067,63.947,0.481,+0.76%,352
06/01/2022,62.568,63.736,61.191,63.466,0.831,+1.33%,347
05/31/2022,64.195,64.195,61.093,62.635,-1.588,-2.47%,521
05/30/2022,66.81,66.81,61.595,64.223,-2.611,-3.91%,611
05/27/2022,64.464,67.617,64.464,66.834,2.403,+3.73%,603
05/26/2022,59.943,64.431,59.553,64.431,4.517,+7.54%,170
05/25/2022,56.98,59.914,55.99,59.914,3.01,+5.29%,580
05/24/2022,58.642,58.679,56.328,56.904,-1.711,-2.92%,505
05/23/2022,62.114,62.139,57.452,58.615,-3.472,-5.59%,626
05/20/2022,62.09,62.846,57.939,62.087,-0.003,0.00%,623
05/19/2022,64.566,64.566,62.036,62.09,-2.503,-3.88%,778
05/18/2022,65.395,65.4,63.403,64.593,-0.806,-1.23%,523
05/17/2022,64.369,65.612,64.346,65.399,1.047,+1.63%,473
05/16/2022,64.997,65.1,63.789,64.352,-0.647,-1.00%,521
05/13/2022,64.76,65.8,63.354,64.999,0.254,+0.39%,521
05/12/2022,67.13,67.13,64.047,64.745,-2.417,-3.60%,542
05/11/2022,69.789,69.789,66.46,67.162,-2.623,-3.76%,553
05/10/2022,69.913,69.913,68.425,69.785,-0.124,-0.18%,328
05/09/2022,68.181,70.117,68.181,69.909,1.731,+2.54%,137
05/06/2022,65.094,68.178,65.085,68.178,3.06,+4.70%,96
05/05/2022,66.159,66.159,65.114,65.118,-1.047,-1.58%,293
05/04/2022,68.255,68.255,65.703,66.165,-2.093,-3.07%,748
05/03/2022,71.115,71.115,66.526,68.258,-2.893,-4.07%,470
05/02/2022,71.288,72.227,70.031,71.151,-0.196,-0.27%,503
04/29/2022,72.023,72.845,70.51,71.347,-0.636,-0.88%,499
04/28/2022,73.938,74.987,71.936,71.983,-1.952,-2.64%,546
04/27/2022,75.046,75.517,73.935,73.935,-1.069,-1.43%,592
04/26/2022,74.824,75.311,73.662,75.004,0.193,+0.26%,619
04/25/2022,77.345,77.379,73.887,74.811,-2.498,-3.23%,576
04/22/2022,80.319,80.656,76.92,77.309,-2.969,-3.70%,556
04/21/2022,82.143,82.356,79.721,80.278,-1.859,-2.26%,521
04/20/2022,80.83,83.341,80.141,82.137,1.341,+1.66%,601
04/19/2022,81.072,81.098,79.205,80.796,-0.274,-0.34%,446
04/18/2022,82.275,82.613,80.525,81.07,-1.133,-1.38%,122
04/15/2022,82.368,82.502,80.997,82.203,-0.148,-0.18%,102
04/14/2022,82.423,83.245,81.929,82.351,-0.069,-0.08%,540
04/13/2022,85.292,85.307,81.78,82.42,-2.868,-3.36%,405
04/12/2022,84.038,85.288,82.636,85.288,1.157,+1.38%,576
04/11/2022,80.483,84.229,80.483,84.131,3.738,+4.65%,557
04/08/2022,79.107,80.407,76.535,80.393,1.198,+1.51%,594
04/07/2022,83.03,83.159,77.36,79.195,-3.762,-4.53%,546
04/06/2022,83.62,84.87,82.423,82.957,-0.636,-0.76%,584
04/05/2022,83.968,85.053,83.367,83.593,-0.414,-0.49%,736
04/04/2022,85.818,85.913,83.684,84.007,-1.761,-2.05%,757
04/01/2022,81.455,85.768,81.455,85.768,4.333,+5.32%,705
03/31/2022,84.096,84.096,81.404,81.435,-2.71,-3.22%,323
03/30/2022,87.787,87.816,83.644,84.145,-3.667,-4.18%,172
03/29/2022,96.022,96.022,85.651,87.812,-8.128,-8.47%,279
03/28/2022,100.146,100.638,95.933,95.94,-4.152,-4.15%,265
03/25/2022,101.01,101.251,97.948,100.092,-0.825,-0.82%,263
03/24/2022,97.665,100.917,96.242,100.917,3.294,+3.37%,195
03/23/2022,105.755,105.9,97.623,97.623,-8.112,-7.67%,2202
03/22/2022,106.437,106.487,103.474,105.735,-0.688,-0.65%,2195
03/21/2022,132.099,132.099,104.025,106.423,0.351,+0.33%,2668
03/18/2022,103.227,106.072,102.12,106.072,2.805,+2.72%,2813
03/17/2022,99.74,105.513,98.43,103.267,3.621,+3.63%,2059
03/16/2022,106.682,112.286,99.646,99.646,-7.053,-6.61%,2675
03/15/2022,122.612,122.612,106.386,106.699,-15.963,-13.01%,1912
03/14/2022,132.099,132.444,110.27,122.662,2.271,+1.89%,1202
03/11/2022,126.801,129.484,113.782,120.391,-6.26,-4.94%,775
03/10/2022,123.708,129.431,116.272,126.651,3.252,+2.64%,1711
03/09/2022,129.045,132.427,116.043,123.399,-5.768,-4.47%,936
03/08/2022,141.835,141.835,129.167,129.167,-12.958,-9.12%,124
03/07/2022,106.951,143.242,106.951,142.125,35.86,+33.75%,53
03/04/2022,109.61,113.813,104.788,106.265,-3.327,-3.04%,1712
03/03/2022,100.015,118.152,100.004,109.592,9.681,+9.69%,5452
03/02/2022,109.706,116.713,99.315,99.911,-9.891,-9.01%,2955
03/01/2022,108.215,115.733,90.727,109.802,1.567,+1.45%,4193
02/28/2022,84.202,108.536,84.202,108.235,24.545,+29.33%,2450
02/25/2022,84.325,85.609,81.583,83.69,-0.635,-0.75%,47908
02/24/2022,81.333,89.352,81.318,84.325,2.997,+3.69%,58221
02/23/2022,78.789,81.502,78.577,81.328,2.539,+3.22%,102519
02/22/2022,80.159,80.934,78.471,78.789,-1.369,-1.71%,153070
02/21/2022,77.368,80.191,76.133,80.158,2.841,+3.67%,164548
02/18/2022,76.282,77.443,75.623,77.317,1.024,+1.34%,99423
02/17/2022,75.111,76.684,75.033,76.293,1.177,+1.57%,109668
02/16/2022,75.449,75.509,74.828,75.116,-0.335,-0.44%,90118
02/15/2022,76.479,76.782,75.097,75.451,-1.029,-1.35%,106426
02/14/2022,76.858,77.905,75.951,76.48,-0.338,-0.44%,133732
02/11/2022,75.019,77.564,74.806,76.818,1.796,+2.39%,104768
02/10/2022,74.761,75.094,74.245,75.022,0.26,+0.35%,68487
02/09/2022,75.003,75.105,74.472,74.762,-0.241,-0.32%,48160
02/08/2022,75.359,75.552,74.968,75.003,-0.355,-0.47%,56767
02/07/2022,75.756,76.009,75.354,75.358,-0.39,-0.51%,58402
02/04/2022,76.233,76.497,75.646,75.748,-0.49,-0.64%,64989
02/03/2022,76.087,76.803,76.074,76.238,0.159,+0.21%,84145
02/02/2022,76.851,76.872,75.671,76.079,-0.772,-1.00%,69649
02/01/2022,77.294,77.497,76.381,76.851,-0.444,-0.57%,69422
01/31/2022,78.124,78.124,77.123,77.295,-0.848,-1.09%,61073
01/28/2022,77.946,78.29,77.375,78.143,0.215,+0.28%,83427
01/27/2022,79.247,79.708,77.379,77.928,-1.329,-1.68%,91509
01/26/2022,78.684,80.364,78.504,79.257,0.572,+0.73%,103058
01/25/2022,78.641,79.325,78.253,78.685,0.063,+0.08%,94367
01/24/2022,77.578,79.478,76.963,78.622,1.029,+1.33%,126428
01/21/2022,76.416,77.724,76.267,77.593,1.155,+1.51%,80876
01/20/2022,76.115,76.811,75.988,76.438,0.324,+0.43%,68437
01/19/2022,76.998,77.103,75.815,76.114,-0.884,-1.15%,81790
01/18/2022,76.269,76.998,75.883,76.998,0.747,+0.98%,87002
01/17/2022,76.204,76.773,75.608,76.251,0.052,+0.07%,76655
01/14/2022,76.407,76.965,75.586,76.199,-0.204,-0.27%,86689
01/13/2022,74.563,76.572,74.459,76.403,1.842,+2.47%,77862
01/12/2022,74.385,74.89,74.285,74.561,0.175,+0.24%,55632
01/11/2022,74.928,75.082,74.341,74.386,-0.54,-0.72%,55258
01/10/2022,75.672,75.72,74.844,74.926,-0.775,-1.02%,64648
01/07/2022,76.272,76.492,75.077,75.701,-0.571,-0.75%,44773
01/06/2022,76.746,77.25,75.997,76.272,-0.474,-0.62%,62270
01/05/2022,75.239,76.809,75.204,76.746,1.497,+1.99%,42453
01/04/2022,74.525,75.569,74.373,75.249,0.714,+0.96%,43962
01/03/2022,74.883,75.152,74.16,74.535,-0.324,-0.43%,31275
12/31/2021,74.597,75.4,74.471,74.859,0.267,+0.36%,14894
12/30/2021,73.917,75.129,73.895,74.592,0.676,+0.91%,48399
12/29/2021,73.59,74.182,73.53,73.916,0.325,+0.44%,42731
12/28/2021,73.406,73.867,73.321,73.591,0.183,+0.25%,39647
12/27/2021,73.611,73.633,73.078,73.408,-0.223,-0.30%,40119
12/24/2021,73.385,73.713,73.13,73.631,0.248,+0.34%,35376
12/23/2021,73.636,73.641,73.178,73.383,-0.253,-0.34%,42553
12/22/2021,73.958,74.129,73.59,73.636,-0.321,-0.43%,42149
12/21/2021,74.222,74.233,73.711,73.957,-0.264,-0.36%,43402
12/20/2021,74.148,74.449,74.055,74.221,0.087,+0.12%,42844
12/17/2021,73.749,74.224,73.53,74.134,0.389,+0.53%,47092
12/16/2021,73.579,73.822,73.337,73.745,0.163,+0.22%,45478
12/15/2021,73.767,74.316,73.582,73.582,-0.19,-0.26%,44658
12/14/2021,73.495,73.87,73.378,73.772,0.275,+0.37%,43542
12/13/2021,73.336,73.689,73.228,73.497,0.157,+0.21%,42676
12/10/2021,73.653,73.746,73.252,73.34,-0.314,-0.43%,40564
12/09/2021,73.533,73.732,73.455,73.654,0.119,+0.16%,37244
12/08/2021,74.055,74.1,73.486,73.535,-0.514,-0.69%,46195
12/07/2021,74.251,74.519,73.826,74.049,-0.21,-0.28%,45359
12/06/2021,73.906,74.41,73.502,74.259,0.352,+0.48%,47438
12/03/2021,73.634,73.944,73.29,73.907,0.271,+0.37%,46975
12/02/2021,74.142,74.311,73.518,73.636,-0.516,-0.70%,56315
12/01/2021,74.037,74.335,73.696,74.152,0.121,+0.16%,52148
11/30/2021,74.519,75.099,73.965,74.031,-0.492,-0.66%,62714
11/29/2021,75.494,75.494,74.248,74.523,-0.999,-1.32%,53284
11/26/2021,74.64,75.89,74.532,75.522,0.877,+1.17%,47610
11/25/2021,74.924,74.945,74.479,74.645,-0.277,-0.37%,35264
11/24/2021,74.302,75.001,74.1,74.922,0.618,+0.83%,57571
11/23/2021,74.951,75.262,74.132,74.304,-0.648,-0.86%,61038
11/22/2021,73.443,75.019,73.196,74.952,1.509,+2.05%,62287
11/19/2021,73.078,73.66,72.689,73.443,0.364,+0.50%,55263
11/18/2021,72.565,73.347,72.436,73.079,0.514,+0.71%,48572
11/17/2021,73.038,73.223,72.315,72.565,-0.474,-0.65%,49113
11/16/2021,72.459,73.487,72.317,73.039,0.581,+0.80%,52557
11/15/2021,72.847,72.847,71.999,72.458,-0.402,-0.55%,42483
11/12/2021,71.578,73.161,71.486,72.86,1.279,+1.79%,57609
11/11/2021,71.241,71.731,70.96,71.581,0.345,+0.48%,39142
11/10/2021,70.746,71.302,70.504,71.236,0.492,+0.70%,47633
11/09/2021,71.251,71.334,70.639,70.744,-0.506,-0.71%,42287
11/08/2021,71.159,71.507,71.115,71.25,0.089,+0.13%,40925
11/05/2021,71.364,71.946,71.015,71.161,-0.205,-0.29%,43109
11/04/2021,71.777,71.886,71.2,71.366,-0.406,-0.57%,22817
11/03/2021,71.519,72.24,71.324,71.772,0.253,+0.35%,44782
11/02/2021,71.542,71.987,71.366,71.519,-0.025,-0.03%,48269
11/01/2021,70.841,71.62,70.718,71.544,0.641,+0.90%,39223
10/29/2021,70.216,70.974,70.151,70.903,0.689,+0.98%,46129
10/28/2021,70.621,70.754,70.05,70.214,-0.407,-0.58%,36377
10/27/2021,69.487,70.649,69.343,70.621,1.134,+1.63%,38092
10/26/2021,69.79,69.858,69.214,69.487,-0.298,-0.43%,37444
10/25/2021,70.28,70.49,69.683,69.785,-0.494,-0.70%,40285
10/22/2021,71.125,71.139,69.823,70.279,-0.845,-1.19%,43203
10/21/2021,70.807,71.289,70.695,71.124,0.319,+0.45%,38288
10/20/2021,70.857,71.127,70.75,70.805,-0.05,-0.07%,33577
10/19/2021,71.254,71.261,70.799,70.855,-0.397,-0.56%,36576
10/18/2021,70.952,71.363,70.948,71.252,0.307,+0.43%,36687
10/15/2021,71.36,71.426,70.874,70.945,-0.41,-0.57%,36489
10/14/2021,71.998,72.039,71.318,71.355,-0.642,-0.89%,37170
10/13/2021,71.84,72.086,71.715,71.997,0.156,+0.22%,40296
10/12/2021,71.747,71.982,71.704,71.841,0.095,+0.13%,39779
10/11/2021,71.834,71.892,71.546,71.746,-0.092,-0.13%,34495
10/08/2021,71.749,72.04,71.62,71.838,0.09,+0.13%,45519
10/07/2021,72.412,72.433,71.67,71.748,-0.666,-0.92%,44881
10/06/2021,72.292,72.713,72.261,72.414,0.122,+0.17%,47160
10/05/2021,72.426,72.664,72.241,72.292,-0.137,-0.19%,41599
10/04/2021,72.657,72.986,72.383,72.429,-0.236,-0.32%,43673
10/01/2021,72.712,73.23,72.63,72.665,-0.048,-0.07%,47535
09/30/2021,72.843,72.945,72.578,72.713,-0.13,-0.18%,43987
09/29/2021,72.743,72.912,72.609,72.843,0.1,+0.14%,43987
09/28/2021,72.621,72.991,72.389,72.743,0.125,+0.17%,44778
09/27/2021,72.668,72.777,72.413,72.618,-0.049,-0.07%,38577
09/24/2021,72.782,73.074,72.627,72.667,-0.115,-0.16%,37568
09/23/2021,72.985,73,72.555,72.782,-0.203,-0.28%,44491
09/22/2021,73.061,73.088,72.576,72.985,-0.076,-0.10%,34495
09/21/2021,73.415,73.518,72.935,73.061,-0.372,-0.51%,41359
09/20/2021,72.861,73.581,72.784,73.433,0.575,+0.79%,45570
09/17/2021,72.429,72.907,72.385,72.858,0.432,+0.60%,36339
09/16/2021,72.237,72.593,72.209,72.426,0.189,+0.26%,36505
09/15/2021,72.952,73.058,72.21,72.237,-0.709,-0.97%,36488
09/14/2021,72.616,72.97,72.527,72.946,0.333,+0.46%,40640
09/13/2021,73.15,73.176,72.584,72.613,-0.541,-0.74%,34847
09/10/2021,72.951,73.179,72.672,73.154,0.198,+0.27%,35123
09/09/2021,73.176,73.286,72.797,72.956,-0.213,-0.29%,41024
09/08/2021,73.311,73.516,73.117,73.169,-0.141,-0.19%,37671
09/07/2021,72.976,73.372,72.893,73.31,0.335,+0.46%,38606
09/06/2021,72.783,73.033,72.769,72.975,0.19,+0.26%,28761
09/03/2021,72.872,73.014,72.542,72.785,-0.088,-0.12%,38587
09/02/2021,72.988,73.018,72.684,72.873,-0.113,-0.15%,31046
09/01/2021,73.274,73.455,72.768,72.986,-0.279,-0.38%,34392
08/31/2021,73.482,73.492,73.174,73.265,-0.217,-0.30%,33202
08/30/2021,73.449,73.67,73.309,73.482,0.03,+0.04%,31300
08/27/2021,74.237,74.288,73.452,73.452,-0.784,-1.06%,38526
08/26/2021,73.88,74.464,73.781,74.236,0.357,+0.48%,34731
08/25/2021,73.74,74.054,73.652,73.879,0.135,+0.18%,31987
08/24/2021,74.042,74.1,73.688,73.744,-0.295,-0.40%,33550
08/23/2021,74.241,74.241,73.903,74.039,-0.205,-0.28%,34688
08/20/2021,74.222,74.576,73.981,74.244,0.022,+0.03%,40311
08/19/2021,73.773,74.31,73.751,74.222,0.448,+0.61%,42857
08/18/2021,73.59,73.828,73.341,73.774,0.181,+0.25%,34270
08/17/2021,73.291,73.606,73.278,73.593,0.302,+0.41%,37452
08/16/2021,73.234,73.483,73.198,73.291,0.056,+0.08%,31687
08/13/2021,73.571,73.614,73.145,73.235,-0.336,-0.46%,33020
08/12/2021,73.425,73.665,73.336,73.571,0.148,+0.20%,34302
08/11/2021,73.933,74.127,73.32,73.423,-0.51,-0.69%,36625
08/10/2021,73.635,74.037,73.493,73.933,0.297,+0.40%,34339
08/09/2021,73.351,73.665,73.351,73.636,0.297,+0.40%,32121
08/06/2021,73.081,73.516,72.987,73.339,0.258,+0.35%,35279
08/05/2021,73.19,73.268,72.982,73.081,-0.111,-0.15%,32173
08/04/2021,72.971,73.254,72.697,73.192,0.221,+0.30%,31798
08/03/2021,72.992,73.183,72.773,72.971,-0.024,-0.03%,31246
08/02/2021,73.1,73.29,72.672,72.995,-0.106,-0.15%,33088
07/30/2021,73.126,73.423,72.727,73.101,-0.02,-0.03%,37519
07/29/2021,73.512,73.512,72.987,73.121,-0.39,-0.53%,32236
07/28/2021,73.736,73.802,73.378,73.511,-0.225,-0.31%,35199
07/27/2021,73.65,73.927,73.574,73.736,0.089,+0.12%,37536
07/26/2021,73.764,74.258,73.59,73.647,-0.123,-0.17%,34988
07/23/2021,73.623,73.813,73.503,73.77,0.146,+0.20%,34260
07/22/2021,73.932,73.984,73.59,73.624,-0.307,-0.42%,38059
07/21/2021,74.361,74.552,73.877,73.931,-0.427,-0.57%,37031
07/20/2021,74.679,74.703,74.262,74.358,-0.317,-0.42%,39873
07/19/2021,74.051,74.76,74.051,74.675,0.627,+0.85%,45083
07/16/2021,74.348,74.401,73.941,74.048,-0.299,-0.40%,37295
07/15/2021,74.074,74.399,74.053,74.347,0.274,+0.37%,38974
07/14/2021,74.309,74.359,73.932,74.073,-0.236,-0.32%,42378
07/13/2021,74.434,74.434,73.879,74.309,-0.128,-0.17%,49335
07/12/2021,74.355,74.785,74.24,74.437,0.075,+0.10%,42822
07/09/2021,74.707,74.756,74.163,74.362,-0.344,-0.46%,43232
07/08/2021,74.652,75.34,74.545,74.706,0.051,+0.07%,54520
07/07/2021,74.482,74.907,73.931,74.655,0.175,+0.23%,44347
07/06/2021,73.438,74.77,73.153,74.48,1.041,+1.42%,40397
07/05/2021,73.188,73.582,73.188,73.439,0.253,+0.35%,27470
07/02/2021,73.404,73.777,73.128,73.186,-0.218,-0.30%,35422
07/01/2021,73.109,73.462,72.8,73.404,0.296,+0.40%,36650
06/30/2021,72.751,73.206,72.634,73.108,0.358,+0.49%,36421
06/29/2021,72.201,72.835,72.146,72.75,0.552,+0.76%,33758
06/28/2021,72.166,72.287,72.078,72.198,0.035,+0.05%,29443
06/25/2021,72.247,72.403,72.025,72.163,-0.084,-0.12%,31247
06/24/2021,72.575,72.642,72.11,72.247,-0.326,-0.45%,36483
06/23/2021,72.859,72.991,72.334,72.573,-0.286,-0.39%,38071
06/22/2021,73.082,73.283,72.792,72.859,-0.222,-0.30%,35130
06/21/2021,72.773,73.325,72.761,73.081,0.307,+0.42%,40602
06/18/2021,72.281,72.823,72.072,72.774,0.492,+0.68%,44601
06/17/2021,72.625,72.678,72.07,72.282,-0.342,-0.47%,50440
06/16/2021,72.19,72.63,71.657,72.624,0.435,+0.60%,35821
06/15/2021,72.059,72.31,71.72,72.189,0.131,+0.18%,38102
06/14/2021,71.942,72.353,71.942,72.058,0.125,+0.17%,30752
06/11/2021,71.769,72.255,71.54,71.933,0.164,+0.23%,33317
06/10/2021,72.31,72.473,71.689,71.769,-0.54,-0.75%,34186
06/09/2021,72.237,72.314,71.983,72.309,0.073,+0.10%,33492
06/08/2021,72.805,72.894,72.236,72.236,-0.566,-0.78%,34675
06/07/2021,72.791,73.041,72.747,72.802,0.016,+0.02%,31193
06/04/2021,73.199,73.309,72.745,72.786,-0.415,-0.57%,35989
06/03/2021,73.136,73.308,73.011,73.201,0.062,+0.08%,38489
06/02/2021,73.631,73.724,73.077,73.139,-0.492,-0.67%,34468
06/01/2021,73.395,73.669,73.104,73.631,0.234,+0.32%,39869
05/31/2021,73.133,73.462,73.08,73.397,0.26,+0.36%,31814
05/28/2021,73.418,73.691,73.117,73.137,-0.28,-0.38%,40939
05/27/2021,73.477,73.643,73.314,73.417,-0.059,-0.08%,39630
05/26/2021,73.458,73.699,73.236,73.476,0.018,+0.02%,40707
05/25/2021,73.415,73.523,73.191,73.458,0.043,+0.06%,41047
05/24/2021,73.584,73.836,73.397,73.415,-0.167,-0.23%,41171
05/21/2021,73.55,73.677,73.348,73.582,0.034,+0.05%,40926
05/20/2021,73.743,73.927,73.438,73.548,-0.196,-0.27%,40900
05/19/2021,73.637,73.879,73.526,73.744,0.106,+0.14%,46925
05/18/2021,73.841,73.952,73.536,73.638,-0.202,-0.27%,38345
05/17/2021,73.966,74.099,73.718,73.84,-0.135,-0.18%,42948
05/14/2021,74.051,74.09,73.717,73.975,-0.076,-0.10%,41973
05/13/2021,74.616,74.699,73.803,74.051,-0.568,-0.76%,52000
05/12/2021,74.116,74.631,73.917,74.619,0.511,+0.69%,54060
05/11/2021,74.293,74.383,73.814,74.108,-0.184,-0.25%,49583
05/10/2021,73.583,74.313,73.513,74.292,0.574,+0.78%,48952
05/07/2021,74.225,74.294,73.514,73.718,-0.506,-0.68%,45360
05/06/2021,74.763,74.857,74.169,74.224,-0.539,-0.72%,39626
05/05/2021,74.727,74.981,74.579,74.763,0.035,+0.05%,39805
05/04/2021,74.959,75.344,74.694,74.728,-0.217,-0.29%,41932
05/03/2021,75.31,75.827,74.764,74.945,-0.374,-0.50%,18337
04/30/2021,74.681,75.324,74.454,75.319,0.643,+0.86%,47291
04/29/2021,74.395,74.678,74.191,74.676,0.281,+0.38%,42578
04/28/2021,74.967,75.007,74.347,74.395,-0.571,-0.76%,36482
04/27/2021,74.974,75.187,74.77,74.966,-0.007,-0.01%,37716
04/26/2021,74.83,75.287,74.627,74.973,0.145,+0.19%,39005
04/23/2021,75.365,75.511,74.653,74.828,-0.535,-0.71%,45567
04/22/2021,76.622,76.812,75.227,75.363,-1.256,-1.64%,47856
04/21/2021,76.881,77.097,76.327,76.619,-0.26,-0.34%,48888
04/20/2021,76.303,77.048,75.924,76.879,0.577,+0.76%,52293
04/19/2021,75.642,76.406,75.642,76.302,0.68,+0.90%,42781
04/16/2021,76.379,76.896,75.313,75.622,-0.753,-0.99%,45583
04/15/2021,75.767,77.519,75.767,76.375,0.609,+0.80%,61331
04/14/2021,75.97,76.305,75.447,75.766,-0.184,-0.24%,45494
04/13/2021,77.302,77.55,75.826,75.95,-1.353,-1.75%,44388
04/12/2021,77.39,77.72,77.065,77.303,-0.087,-0.11%,46550
04/09/2021,76.779,77.462,76.752,77.39,0.613,+0.80%,43405
04/08/2021,76.91,77.369,76.608,76.777,-0.132,-0.17%,50102
04/07/2021,77.244,78.017,76.891,76.909,-0.346,-0.45%,56853
04/06/2021,76.334,77.31,76.166,77.255,0.921,+1.21%,46372
04/05/2021,76.418,76.718,75.98,76.334,-0.087,-0.11%,38633
04/02/2021,76.138,76.488,75.915,76.421,0.281,+0.37%,28947
04/01/2021,75.619,76.417,75.561,76.14,0.521,+0.69%,53251
03/31/2021,75.801,75.966,75.216,75.619,-0.182,-0.24%,50057
03/30/2021,75.599,76.168,75.371,75.801,0.211,+0.28%,49595
03/29/2021,75.777,76.093,75.544,75.59,-0.195,-0.26%,47967
03/26/2021,76.173,76.243,75.591,75.785,-0.384,-0.50%,48748
03/25/2021,76.559,76.683,75.729,76.169,-0.389,-0.51%,55642
03/24/2021,76.333,76.866,75.698,76.558,0.228,+0.30%,54457
03/23/2021,74.768,76.362,74.762,76.33,1.561,+2.09%,57107
03/22/2021,74.169,75.076,74.169,74.769,0.717,+0.97%,48031
03/19/2021,74.258,74.402,73.729,74.052,-0.208,-0.28%,59796
03/18/2021,73.595,74.367,73.425,74.26,0.67,+0.91%,55690
03/17/2021,72.729,74.14,72.708,73.59,0.86,+1.18%,46688
03/16/2021,72.8,73.048,72.524,72.73,-0.071,-0.10%,43861
03/15/2021,73.334,73.436,72.79,72.801,-0.489,-0.67%,46800
03/12/2021,73.352,73.722,73.209,73.29,-0.063,-0.09%,54067
03/11/2021,73.586,73.85,73.168,73.353,-0.231,-0.31%,52118
03/10/2021,74.063,74.159,73.539,73.584,-0.473,-0.64%,61374
03/09/2021,74.443,74.574,73.768,74.057,-0.378,-0.51%,65220
03/08/2021,74.346,74.829,73.873,74.435,0.087,+0.12%,14281
03/05/2021,74.571,74.765,74.091,74.348,-0.228,-0.31%,70346
03/04/2021,73.981,74.73,73.326,74.576,0.587,+0.79%,56558
03/03/2021,73.764,74.084,73.385,73.989,0.225,+0.31%,59953
03/02/2021,74.214,74.716,73.592,73.764,-0.446,-0.60%,61569
03/01/2021,74.415,74.48,73.888,74.21,-0.202,-0.27%,48378
02/26/2021,74.692,74.912,74.24,74.412,-0.291,-0.39%,68790
02/25/2021,73.454,74.795,73.315,74.703,1.254,+1.71%,52915
02/24/2021,74,74.208,73.396,73.449,-0.549,-0.74%,53095
02/23/2021,74.323,74.323,73.667,73.998,-0.33,-0.44%,15321
02/22/2021,74.008,75.04,73.844,74.328,0.324,+0.44%,46864
02/19/2021,73.825,74.159,73.789,74.004,0.179,+0.24%,38630
02/18/2021,73.705,74.152,73.507,73.825,0.123,+0.17%,47417
02/17/2021,73.555,74.179,73.528,73.702,0.149,+0.20%,47740
02/16/2021,73.281,73.897,73.137,73.553,0.273,+0.37%,44991
02/15/2021,73.594,73.704,73.14,73.28,-0.31,-0.42%,35068
02/12/2021,73.642,74.451,73.542,73.59,-0.046,-0.06%,41945
02/11/2021,73.889,73.902,73.517,73.636,-0.254,-0.34%,35839
02/10/2021,73.887,73.99,73.609,73.89,0.001,0.00%,46706
02/09/2021,74.334,74.385,73.847,73.889,-0.445,-0.60%,46660
02/08/2021,74.605,74.73,74.141,74.334,-0.264,-0.35%,42274
02/05/2021,75.515,75.592,74.506,74.598,-0.918,-1.22%,47039
02/04/2021,75.903,76.031,75.296,75.516,-0.401,-0.53%,52161
02/03/2021,76.171,76.315,75.767,75.917,-0.255,-0.33%,58046
02/02/2021,76.105,76.244,75.303,76.172,0.058,+0.08%,66166
02/01/2021,75.853,76.167,75.339,76.114,0.26,+0.34%,68813
01/29/2021,75.996,76.336,75.225,75.854,-0.142,-0.19%,73115
01/28/2021,75.835,76.484,75.695,75.996,0.16,+0.21%,71493
01/27/2021,75.08,75.966,74.819,75.836,0.756,+1.01%,63026
01/26/2021,75.343,75.771,74.923,75.08,-0.264,-0.35%,58047
01/25/2021,75.237,75.84,74.553,75.344,0.118,+0.16%,62003
01/22/2021,73.91,75.31,73.91,75.226,1.328,+1.80%,57834
01/21/2021,73.451,74.004,73.165,73.898,0.448,+0.61%,47966
01/20/2021,73.824,73.853,73.203,73.45,-0.378,-0.51%,42646
01/19/2021,73.995,74.023,73.583,73.828,-0.174,-0.24%,45393
01/18/2021,73.501,74.358,73.501,74.002,0.511,+0.70%,48193
01/15/2021,73.222,73.858,73.222,73.491,0.278,+0.38%,53289
01/14/2021,73.827,73.985,73.088,73.213,-0.613,-0.83%,54264
01/13/2021,73.44,73.965,73.361,73.826,0.385,+0.52%,59323
01/12/2021,74.612,74.714,73.441,73.441,-1.166,-1.56%,57063
01/11/2021,74.131,74.982,74.131,74.607,0.494,+0.67%,63620
01/08/2021,74.673,74.809,73.807,74.113,-0.562,-0.75%,64986
01/07/2021,73.926,74.896,73.54,74.675,0.748,+1.01%,10188
01/06/2021,74.227,74.227,73.382,73.927,-0.306,-0.41%,63104
01/05/2021,74.454,75.231,73.831,74.233,-0.219,-0.29%,65483
01/04/2021,73.998,74.453,73.063,74.452,0.481,+0.65%,49500
12/31/2020,74.457,75.225,73.703,73.971,-0.507,-0.68%,9236
12/30/2020,73.908,74.97,73.42,74.478,0.559,+0.76%,49369
12/29/2020,73.734,74.049,73.361,73.919,0.186,+0.25%,45120
12/28/2020,74.161,74.206,73.522,73.733,-0.283,-0.38%,43428
12/24/2020,74.965,75.19,73.85,74.016,-0.951,-1.27%,46845
12/23/2020,75.89,75.947,74.751,74.967,-0.923,-1.22%,55319
12/22/2020,74.689,75.932,74.547,75.89,1.198,+1.60%,58189
12/21/2020,73.399,75.446,73.399,74.692,1.321,+1.80%,81673
12/18/2020,72.922,73.872,72.922,73.371,0.451,+0.62%,47367
12/17/2020,73.3,73.388,72.645,72.92,-0.375,-0.51%,43602
12/16/2020,73.25,73.693,73.226,73.295,0.05,+0.07%,45166
12/15/2020,73.822,74.085,73.237,73.245,-0.579,-0.78%,46591
12/14/2020,73.013,73.931,72.785,73.824,0.817,+1.12%,57278
12/11/2020,73.057,73.396,72.865,73.007,-0.053,-0.07%,55965
12/10/2020,73.741,73.875,72.961,73.06,-0.693,-0.94%,61918
12/09/2020,73.402,73.997,73.156,73.753,0.347,+0.47%,47415
12/08/2020,73.705,73.884,73.038,73.406,-0.3,-0.41%,55468
"Downloaded from Barchart.com as of 12-05-2022 09:07pm CST"
