"Symbol: $SG5F",,,,,,"Study: VOL (LikeMain)",
2020-05-27,304.55,307.01,304.04,305.19,0,,
2020-05-28,305.19,311.89,304.03,309.97,4.78000000000003,,
2020-05-29,309.97,311.03,307.45,310.23,0.2599999999999909,,
2020-06-01,310.23,311.46,305.24,307.88,-2.3500000000000227,,
2020-06-02,307.88,308.69,306.57,307.17,-0.7099999999999795,,
2020-06-03,307.17,309.32,306.46,308.89,1.7199999999999704,,
2020-06-04,308.89,315.84,308.78,314.53,5.639999999999986,,
2020-06-05,315.22,316.83,312.97,313.96,-0.5699999999999932,,
2020-06-08,314.76,316.61,313.24,314.84,0.8799999999999955,,
2020-06-09,315.7,316.16,310.99,312.35,-2.4899999999999523,,
2020-06-10,313.31,314.56,312.53,313.08,0.7299999999999613,,
2020-06-11,313.98,315,312.08,313.43,0.35000000000002274,,
2020-06-12,313.43,315.47,312.46,313.94,0.5099999999999909,,
2020-06-15,313.94,313.94,311.27,313.44,-0.5,,
2020-06-16,313.44,315.72,310.65,311.45,-1.990000000000009,,
2020-06-17,311.45,311.45,308.26,310.46,-0.9900000000000091,,
2020-06-18,310.46,312.63,308.57,309.45,-1.009999999999991,,
2020-06-19,309.45,311.01,307.79,309.92,0.4700000000000273,,
2020-06-22,309.92,310.14,307.96,309.23,-0.6899999999999977,,
2020-06-23,309.23,309.23,304.22,307.84,-1.3900000000000432,,
2020-06-24,307.84,309.44,305.28,305.66,-2.17999999999995,,
2020-06-25,305.66,305.93,301.44,303.48,-2.180000000000007,,
2020-06-26,303.48,304.45,297.55,299.67,-3.8100000000000023,,
2020-06-29,299.67,306.06,299,305.34,5.669999999999959,,
2020-06-30,305.34,316.12,303.23,312.83,7.490000000000009,,
2020-07-01,312.83,319.33,312.15,318.88,6.050000000000011,,
2020-07-02,318.88,320.22,314.07,314.52,-4.360000000000014,,
2020-07-06,314.52,318.97,314.52,317,2.480000000000018,,
2020-07-07,317,318,314.16,316.08,-0.9200000000000159,,
2020-07-08,316.08,321.27,314.06,321.06,4.980000000000018,,
2020-07-09,321.06,327.26,320.77,323.68,2.6200000000000045,,
2020-07-10,323.68,325,318.61,319.71,-3.9700000000000273,,
2020-07-13,319.71,319.71,312.77,313.6,-6.109999999999957,,
2020-07-14,313.6,316.67,312.53,312.67,-0.9300000000000068,,
2020-07-15,312.67,318.59,312.08,318.31,5.639999999999986,,
2020-07-16,318.31,319.82,316.51,317.25,-1.0600000000000023,,
2020-07-17,317.25,320.05,317.25,318.51,1.259999999999991,,
2020-07-20,318.51,318.81,312.85,314.31,-4.199999999999989,,
2020-07-21,314.31,314.31,312,313.19,-1.1200000000000045,,
2020-07-22,313.19,317.4,312.06,316.59,3.3999999999999773,,
2020-07-23,316.59,317.27,314.08,315.87,-0.7199999999999704,,
2020-07-24,315.87,319.4,315.71,317.37,1.5,,
2020-07-27,317.37,317.37,313.93,314.39,-2.980000000000018,,
2020-07-28,314.39,314.39,309.52,310.61,-3.7799999999999727,,
2020-07-29,310.61,312.23,310.05,310.95,0.339999999999975,,
2020-07-30,310.95,312.67,308.95,310.38,-0.5699999999999932,,
2020-07-31,310.38,312.56,310.35,311.33,0.9499999999999886,,
2020-08-03,311.33,311.62,307.91,309.73,-1.599999999999966,,
2020-08-04,309.73,309.73,302.39,302.49,-7.240000000000009,,
2020-08-05,302.49,304.46,302.05,303.88,1.3899999999999864,,
2020-08-06,303.88,305.17,301.54,301.71,-2.170000000000016,,
2020-08-07,302.97,303.62,298.95,299.79,-1.919999999999959,,
2020-08-10,301.12,302.53,300.51,301.79,2,,
2020-08-11,303.12,306.1,303.12,304.2,2.409999999999968,,
2020-08-12,305.48,307.22,302.62,307.11,2.910000000000025,,
2020-08-13,308.44,317.05,308.44,315.56,8.449999999999989,,
2020-08-14,315.56,317.35,313.44,315.68,0.12000000000000455,,
2020-08-17,315.68,323.32,315.68,323.18,7.5,,
2020-08-18,323.18,323.18,318.48,320.1,-3.079999999999984,,
2020-08-19,320.1,321.86,318.36,320.68,0.5799999999999841,,
2020-08-20,320.68,321.18,317.11,320.98,0.30000000000001137,,
2020-08-21,320.98,322.86,319.92,322.69,1.7099999999999795,,
2020-08-24,322.69,325.67,321.05,322.43,-0.2599999999999909,,
2020-08-25,322.43,330.41,322.43,329.03,6.599999999999966,,
2020-08-26,329.03,330.66,327.05,330.41,1.3800000000000523,,
2020-08-27,330.41,337.26,329.95,336.13,5.71999999999997,,
2020-08-28,336.13,337.38,334.73,336.88,0.75,,
2020-08-31,336.88,342.65,336.58,337.42,0.5400000000000205,,
2020-09-01,337.42,341.54,333.42,340.23,2.8100000000000023,,
2020-09-02,340.23,341.12,336.46,339.81,-0.4200000000000159,,
2020-09-03,339.81,340.73,336.59,337.4,-2.410000000000025,,
2020-09-04,337.4,340.18,336.31,338.36,0.9600000000000364,,
2020-09-08,338.36,341.01,335.77,338.98,0.6200000000000045,,
2020-09-09,338.98,340.27,337.16,339.04,0.060000000000002274,,
2020-09-10,339.04,344.46,338.78,341.5,2.4599999999999795,,
2020-09-11,341.5,344.74,341.04,343.29,1.7900000000000205,,
2020-09-14,343.29,345.93,343.04,344.73,1.4399999999999977,,
2020-09-15,344.73,345.39,340.17,341.16,-3.569999999999993,,
2020-09-16,341.16,346.44,338.38,346.15,4.989999999999952,,
2020-09-17,346.15,353.07,344.06,352.18,6.03000000000003,,
2020-09-18,352.18,359.39,351.77,358.93,6.75,,
2020-09-21,358.93,359.53,348.22,349.44,-9.490000000000009,,
2020-09-22,349.44,354.76,346.46,349.85,0.410000000000025,,
2020-09-23,349.85,351.27,346.68,347.11,-2.740000000000009,,
2020-09-24,347.11,347.11,342.25,344.02,-3.090000000000032,,
2020-09-25,344.02,346,342.96,343.43,-0.589999999999975,,
2020-09-28,343.43,346.28,339.71,344.86,1.4300000000000068,,
2020-09-29,344.86,345.4,340.97,343.23,-1.6299999999999955,,
2020-09-30,343.23,361.62,341.98,358.08,14.849999999999966,,
2020-10-01,358.08,361.01,356.84,357.93,-0.14999999999997726,,
2020-10-02,357.93,359.46,353.06,357.31,-0.6200000000000045,,
2020-10-05,357.31,361.86,356.51,360.12,2.8100000000000023,,
2020-10-06,360.12,370.11,358.93,366.25,6.1299999999999955,,
2020-10-07,366.28,373.75,364.58,371.31,5.060000000000002,,
2020-10-08,371.32,376.24,367.16,367.43,-3.8799999999999955,,
2020-10-09,367.39,376.23,366.85,372.05,4.6200000000000045,,
2020-10-12,372.05,375.1,365.33,366.86,-5.189999999999998,,
2020-10-13,366.92,371.02,366.66,368.69,1.829999999999984,,
2020-10-14,368.69,373.55,366.35,372.22,3.5300000000000296,,
2020-10-15,372.22,380.64,369.93,380.27,8.049999999999955,,
2020-10-16,380.27,384.45,379.01,379.7,-0.5699999999999932,,
2020-10-19,379.7,384.43,378.49,381.78,2.079999999999984,,
2020-10-20,381.78,386.21,380.26,385.3,3.5200000000000387,,
2020-10-21,385.3,389.39,385.3,387.34,2.0399999999999636,,
2020-10-22,387.34,390.72,383.85,386.48,-0.8599999999999568,,
2020-10-23,386.48,391.64,384.31,390.63,4.149999999999977,,
2020-10-26,390.63,390.94,384.15,387.03,-3.6000000000000227,,
2020-10-27,387.03,390.59,384.66,384.88,-2.1499999999999773,,
2020-10-28,384.88,384.88,375.45,376.21,-8.670000000000016,,
2020-10-29,376.21,378.06,370.71,373.88,-2.329999999999984,,
2020-10-30,373.88,376.45,371.43,373.55,-0.3299999999999841,,
2020-11-02,373.55,375.51,369.1,375.1,1.5500000000000114,,
2020-11-03,375.1,380.27,374.05,377.84,2.7399999999999523,,
2020-11-04,377.84,381.98,373.58,381.3,3.4600000000000364,,
2020-11-05,381.3,392.55,381.01,385.11,3.8100000000000023,,
2020-11-06,385.72,388.19,382.9,383.13,-1.9800000000000182,,
2020-11-09,383.95,387.24,380.6,384.33,1.1999999999999886,,
2020-11-10,385.23,399.11,383.91,396.45,12.120000000000005,,
2020-11-11,397.37,401.61,392.98,394.33,-2.1200000000000045,,
2020-11-12,395.38,395.62,388.71,389.57,-4.759999999999991,,
2020-11-13,389.57,393.29,385.52,391.56,1.990000000000009,,
2020-11-16,391.56,395.23,389.06,394.63,3.069999999999993,,
2020-11-17,394.63,398.7,394.63,396.39,1.759999999999991,,
2020-11-18,396.39,401.37,394.95,399.17,2.7800000000000296,,
2020-11-19,399.17,399.54,394.93,396.3,-2.8700000000000045,,
2020-11-20,396.3,401.17,395.85,397.26,0.9599999999999795,,
2020-11-23,397.26,403.31,397.26,400.88,3.6200000000000045,,
2020-11-24,400.88,403.88,394.69,403.4,2.519999999999982,,
2020-11-25,403.4,405.92,395.82,396.17,-7.229999999999961,,
2020-11-27,396.17,402.58,396.17,401.67,5.5,,
2020-11-30,401.67,404.52,391.47,392.1,-9.569999999999993,,
2020-12-01,392.1,394.59,387.61,387.84,-4.260000000000048,,
2020-12-02,387.84,392.22,383.31,390.89,3.0500000000000114,,
2020-12-03,390.89,393.03,389.65,392.38,1.490000000000009,,
2020-12-04,392.38,392.86,387.01,387.85,-4.529999999999973,,
2020-12-07,387.89,390.74,382.72,389.24,1.3899999999999864,,
2020-12-08,389.31,389.31,384.59,384.88,-4.360000000000014,,
2020-12-09,384.99,391.11,384.77,390.67,5.7900000000000205,,
2020-12-10,390.77,397.12,390.39,392.43,1.759999999999991,,
2020-12-11,392.55,399.67,390.09,398.16,5.730000000000018,,
2020-12-14,398.16,401.87,393.68,394.91,-3.25,,
2020-12-15,394.91,397.84,392.45,397.31,2.3999999999999773,,
2020-12-16,397.31,400.92,395.44,397.59,0.2799999999999727,,
2020-12-17,397.59,403.66,396.8,403.32,5.730000000000018,,
2020-12-18,403.32,407.27,403.08,406.69,3.3700000000000045,,
2020-12-21,406.69,411.25,401.48,410.65,3.9599999999999795,,
2020-12-22,410.65,413.57,407.01,413.37,2.7200000000000273,,
2020-12-23,413.37,420.6,410.69,418.28,4.909999999999968,,
2020-12-24,418.28,421.33,417.74,419.66,1.3800000000000523,,
2020-12-28,419.66,423.1,413.99,417.99,-1.670000000000016,,
2020-12-29,417.99,426.95,415.76,426.25,8.259999999999991,,
2020-12-30,426.25,435.75,422.85,434.34,8.089999999999975,,
2020-12-31,434.34,439.66,433.1,438.78,4.439999999999998,,
2021-01-04,438.78,448.96,435.34,438.82,0.040000000000020464,,
2021-01-05,438.82,452.48,438.33,447.46,8.639999999999986,,
2021-01-06,447.46,455.38,447.39,448.52,1.0600000000000023,,
2021-01-07,448.52,449.55,442.51,446.38,-2.1399999999999864,,
2021-01-08,446.38,450.92,444.62,448.2,1.8199999999999932,,
2021-01-11,448.22,453.02,444.23,445.92,-2.2799999999999727,,
2021-01-12,445.94,467.35,444.67,465.58,19.659999999999968,,
2021-01-13,465.86,478.79,465.62,466.78,1.1999999999999886,,
2021-01-14,466.79,476.67,463.47,474.79,8.010000000000048,,
2021-01-15,474.79,479.87,471.01,473.8,-0.9900000000000091,,
2021-01-19,473.8,477.35,466.93,468.43,-5.3700000000000045,,
2021-01-20,468.43,468.43,457.58,464.26,-4.170000000000016,,
2021-01-21,464.26,470.79,462.6,463.96,-0.30000000000001137,,
2021-01-22,463.96,463.96,443.56,444.3,-19.659999999999968,,
2021-01-25,444.3,456.63,438.9,454.39,10.089999999999975,,
2021-01-26,454.39,468.73,450.98,467.83,13.439999999999998,,
2021-01-27,467.83,475.68,464.68,467.51,-0.3199999999999932,,
2021-01-28,467.51,475.56,460.85,463.1,-4.409999999999968,,
2021-01-29,463.1,475.58,461.45,472.43,9.329999999999984,,
2021-02-01,472.43,478.07,463.57,470.01,-2.420000000000016,,
2021-02-02,470.01,472.49,462.88,465.39,-4.6200000000000045,,
2021-02-03,465.39,471.64,459.26,471.15,5.759999999999991,,
2021-02-04,471.15,473.67,466.21,468.44,-2.7099999999999795,,
2021-02-05,468.37,471.62,465.69,468.51,0.06999999999999318,,
2021-02-08,468.62,480.25,468.62,479.08,10.569999999999993,,
2021-02-09,479.11,484.7,468.49,476.4,-2.680000000000007,,
2021-02-10,476.41,476.61,459.26,460.96,-15.439999999999998,,
2021-02-11,461.06,469.01,455.57,464.38,3.420000000000016,,
2021-02-12,464.38,467.98,462.93,464.42,0.040000000000020464,,
2021-02-16,464.42,475.53,464.42,475.07,10.649999999999977,,
2021-02-17,475.07,476.51,469.21,472.32,-2.75,,
2021-02-18,472.32,475.77,469.87,474.47,2.150000000000034,,
2021-02-19,474.47,479.38,469.33,470.42,-4.050000000000011,,
2021-02-22,470.42,477.5,470.42,477.32,6.899999999999977,,
2021-02-23,477.32,483.72,475.97,479.87,2.5500000000000114,,
2021-02-24,479.87,486.96,479.38,486.59,6.71999999999997,,
2021-02-25,486.59,487.98,474.26,480.03,-6.560000000000002,,
2021-02-26,480.03,480.03,471.08,475.21,-4.819999999999993,,
2021-03-01,475.21,480.09,467.55,468.41,-6.7999999999999545,,
2021-03-02,468.41,477.73,464.36,476.16,7.75,,
2021-03-03,476.16,476.16,467.69,470.01,-6.150000000000034,,
2021-03-04,470.01,476.13,466.8,468.18,-1.829999999999984,,
2021-03-05,468.21,477.51,466.47,475.35,7.170000000000016,,
2021-03-08,475.35,483.45,470.02,474.92,-0.4300000000000068,,
2021-03-09,474.92,477.27,470.32,476.96,2.0399999999999636,,
2021-03-10,476.96,477.12,466.11,468.58,-8.379999999999995,,
2021-03-11,468.58,471.75,465.81,468.11,-0.46999999999997044,,
2021-03-12,468.11,468.94,463.16,467.6,-0.5099999999999909,,
2021-03-15,467.6,473.76,463.74,473.12,5.519999999999982,,
2021-03-16,473.12,475.81,468.61,475.57,2.4499999999999886,,
2021-03-17,475.57,476.68,472.4,474.76,-0.8100000000000023,,
2021-03-18,474.76,474.76,465.02,465.79,-8.96999999999997,,
2021-03-19,465.79,472.57,465.22,471.01,5.21999999999997,,
2021-03-22,471.43,472.23,465.36,468,-3.009999999999991,,
2021-03-23,468,474.92,465.86,470.77,2.769999999999982,,
2021-03-24,470.77,472.59,468.1,470.44,-0.3299999999999841,,
2021-03-25,470.44,470.44,461.52,463.72,-6.71999999999997,,
2021-03-26,463.72,466.81,462.18,464.71,0.9899999999999523,,
2021-03-29,464.71,464.75,458.43,462.59,-2.1200000000000045,,
2021-03-30,462.59,462.59,452.22,454.32,-8.269999999999982,,
2021-03-31,454.32,476.35,452.98,473.62,19.30000000000001,,
2021-04-01,473.62,483.3,464.43,466.83,-6.7900000000000205,,
2021-04-05,466.83,472.43,464.88,466.53,-0.30000000000001137,,
2021-04-06,466.53,472.05,465.34,466.54,0.010000000000047748,,
2021-04-07,466.54,469.49,464.54,468.43,1.8899999999999864,,
2021-04-08,467.39,479.16,466.93,477.5,9.069999999999993,,
2021-04-09,476.3,485.04,474.71,476.98,-0.5199999999999818,,
2021-04-12,476.03,479.35,468.08,469.47,-7.509999999999991,,
2021-04-13,468.71,476.91,467.62,473.78,4.309999999999945,,
2021-04-14,472.96,485.26,472.84,483.14,9.360000000000014,,
2021-04-15,483.14,487.87,478.94,484.1,0.9600000000000364,,
2021-04-16,484.1,487.66,482.07,484.15,0.049999999999954525,,
2021-04-19,484.15,490.88,484.15,487.86,3.7100000000000364,,
2021-04-20,487.86,502.39,487.57,495.78,7.919999999999959,,
2021-04-21,495.78,507.91,493.86,505.79,10.010000000000048,,
2021-04-22,505.79,527.78,505.37,526.04,20.249999999999943,,
2021-04-23,526.04,528.78,519.01,527.24,1.2000000000000455,,
2021-04-26,527.24,546.32,527.24,544.48,17.24000000000001,,
2021-04-27,544.48,563.05,537.43,540.65,-3.830000000000041,,
2021-04-28,540.65,550.16,524.73,533.81,-6.840000000000032,,
2021-04-29,533.81,539.71,529.74,535.01,1.2000000000000455,,
2021-04-30,535.01,548.93,530.67,548.42,13.409999999999968,,
2021-05-03,548.42,563.6,543.54,545.98,-2.439999999999941,,
2021-05-04,545.98,560.22,544.98,555.54,9.559999999999945,,
2021-05-05,555.54,565.49,552.36,564.05,8.509999999999991,,
2021-05-06,564.05,573.25,562.06,572.33,8.280000000000086,,
2021-05-07,572.33,583.12,569.53,581.06,8.729999999999905,,
2021-05-10,581.06,581.06,564.4,566.46,-14.599999999999909,,
2021-05-11,566.46,580.83,560.75,575.03,8.569999999999936,,
2021-05-12,575.02,583.53,568.35,571.83,-3.199999999999932,,
2021-05-13,571.83,572.22,542.72,545.41,-26.420000000000073,,
2021-05-14,545.41,556.22,535.08,535.62,-9.789999999999964,,
2021-05-17,535.62,540.93,528.1,537.27,1.6499999999999773,,
2021-05-18,537.27,546.57,534.09,537.42,0.14999999999997726,,
2021-05-19,537.42,539.37,519.79,530.05,-7.3700000000000045,,
2021-05-20,530.05,536.46,526.53,530.52,0.4700000000000273,,
2021-05-21,530.52,531.68,522.9,527.86,-2.659999999999968,,
2021-05-24,527.86,527.86,517.82,524.26,-3.6000000000000227,,
2021-05-25,524.26,527.63,505.59,508.54,-15.71999999999997,,
2021-05-26,508.54,511.61,497.13,507.6,-0.9399999999999977,,
2021-05-27,507.6,531.64,505.48,531.13,23.529999999999973,,
2021-05-28,531.13,535.99,522.92,524.89,-6.240000000000009,,
2021-06-01,524.89,551.81,524.89,544.22,19.33000000000004,,
2021-06-02,544.22,549.1,533.64,539.55,-4.670000000000073,,
2021-06-03,539.55,546.96,526.36,531.29,-8.259999999999991,,
2021-06-04,531.29,546.1,530.61,544.57,13.280000000000086,,
2021-06-07,536.59,552.48,531.88,533.3,-11.270000000000095,,
2021-06-08,527.18,540,527.18,531.1,-2.199999999999932,,
2021-06-09,525.38,528.03,516.22,526.33,-4.769999999999982,,
2021-06-10,520.3,529.53,517.7,523.65,-2.6800000000000637,,
2021-06-11,518.05,519.8,502.95,512.23,-11.419999999999959,,
2021-06-14,512.23,512.23,489.34,495.32,-16.910000000000025,,
2021-06-15,495.32,498.25,480.95,487.77,-7.550000000000011,,
2021-06-16,487.77,494.09,482.48,483.52,-4.25,,
2021-06-17,483.52,484.4,454.18,455.41,-28.109999999999957,,
2021-06-18,455.41,481.75,455.22,476.47,21.060000000000002,,
2021-06-21,476.47,479.62,460.8,474.3,-2.170000000000016,,
2021-06-22,474.3,480.53,463.24,464.47,-9.829999999999984,,
2021-06-23,464.47,469.3,461.19,465.97,1.5,,
2021-06-24,465.97,466.04,450.61,462.28,-3.6900000000000546,,
2021-06-25,462.28,466.26,450.48,451.34,-10.939999999999998,,
2021-06-28,451.34,469.5,451.34,468.24,16.900000000000034,,
2021-06-29,468.24,475.63,464.22,467.8,-0.4399999999999977,,
2021-06-30,467.8,498.28,456.6,497.64,29.839999999999975,,
2021-07-01,497.64,511.64,494,494.55,-3.089999999999975,,
2021-07-02,494.55,501.43,484.39,488.15,-6.400000000000034,,
2021-07-06,488.15,488.15,456.38,458.34,-29.810000000000002,,
2021-07-07,458.34,465.35,450.35,456.72,-1.6199999999999477,,
2021-07-08,456.72,461.01,452.4,453.46,-3.2600000000000477,,
2021-07-09,453.46,454.35,445.99,451.82,-1.6399999999999864,,
2021-07-12,451.82,466.09,450.12,464.86,13.04000000000002,,
2021-07-13,464.86,471.58,460.65,465.79,0.9300000000000068,,
2021-07-14,465.79,480.92,463.36,479.11,13.319999999999993,,
2021-07-15,479.11,482.99,476.12,481.01,1.8999999999999773,,
2021-07-16,481.01,490.74,479.38,483.21,2.1999999999999886,,
2021-07-19,483.21,494.02,479.42,482.23,-0.9799999999999613,,
2021-07-20,482.23,496.4,482.23,490.28,8.049999999999955,,
2021-07-21,490.28,494.75,487.98,492.58,2.3000000000000114,,
2021-07-22,492.58,492.58,476.86,483.45,-9.129999999999995,,
2021-07-23,483.45,484.94,472.78,474.55,-8.899999999999977,,
2021-07-26,474.55,475.61,465.95,474.44,-0.11000000000001364,,
2021-07-27,474.44,485.36,471.96,474.05,-0.38999999999998636,,
2021-07-28,474.05,480.42,474.05,477.84,3.7899999999999636,,
2021-07-29,477.84,486.61,477.75,486.15,8.310000000000002,,
2021-07-30,486.15,486.46,477.6,479.2,-6.949999999999989,,
2021-08-02,479.2,490.72,477.6,489.85,10.650000000000034,,
2021-08-03,489.85,491.1,479.29,483.19,-6.660000000000025,,
2021-08-04,483.19,488.12,476.64,480.05,-3.1399999999999864,,
2021-08-05,480.05,487.13,479,482.94,2.8899999999999864,,
2021-08-06,483.3,488.69,480.33,486.16,3.2200000000000273,,
2021-08-09,486.87,488.88,482.08,483.3,-2.8600000000000136,,
2021-08-10,484.15,488.81,481.63,487.76,4.4599999999999795,,
2021-08-11,488.6,493.94,487.26,490.78,3.019999999999982,,
2021-08-12,491.53,513.63,488.28,502.52,11.740000000000009,,
2021-08-13,502.52,511.48,498.04,506.52,4,,
2021-08-16,506.52,510.14,503.42,505.05,-1.4699999999999704,,
2021-08-17,505.05,508.19,495.83,497.05,-8,,
2021-08-18,497.05,499.73,493.02,497.73,0.6800000000000068,,
2021-08-19,497.73,497.73,483.25,487.59,-10.140000000000043,,
2021-08-20,487.59,490.81,472.89,476.8,-10.789999999999964,,
2021-08-23,476.8,483.67,474.7,477.4,0.5999999999999659,,
2021-08-24,477.4,486.4,477.1,484.4,7,,
2021-08-25,484.4,488.21,479.59,485.58,1.1800000000000068,,
2021-08-26,485.58,488.94,483.16,487.65,2.069999999999993,,
2021-08-27,487.65,488.36,482.57,487.08,-0.5699999999999932,,
2021-08-30,487.08,491.73,476.29,479.07,-8.009999999999991,,
2021-08-31,479.07,481.02,468.7,474.81,-4.259999999999991,,
2021-09-01,474.81,477.1,464.11,467.54,-7.269999999999982,,
2021-09-02,467.54,471.78,463.21,469.82,2.2799999999999727,,
2021-09-03,469.82,473.7,467.3,472.56,2.740000000000009,,
2021-09-07,472.56,475.88,464.61,465.06,-7.5,,
2021-09-08,465.06,467.93,461.14,462.64,-2.420000000000016,,
2021-09-09,462.64,463.54,455.54,457.47,-5.169999999999959,,
2021-09-10,457.47,465.98,451.07,461.06,3.589999999999975,,
2021-09-13,461.06,462.06,455.35,459.43,-1.6299999999999955,,
2021-09-14,459.43,465.65,458.82,464.89,5.4599999999999795,,
2021-09-15,464.89,473.85,464.14,473.49,8.600000000000023,,
2021-09-16,473.49,476.05,469.97,472.67,-0.8199999999999932,,
2021-09-17,472.67,473.48,466.84,469.52,-3.150000000000034,,
2021-09-20,469.52,469.52,460.77,463.35,-6.169999999999959,,
2021-09-21,463.35,463.8,457.02,460.51,-2.840000000000032,,
2021-09-22,460.51,468.08,459.58,467.83,7.319999999999993,,
2021-09-23,467.83,473.18,466.17,472.13,4.300000000000011,,
2021-09-24,472.13,473.51,468.91,472.23,0.10000000000002274,,
2021-09-27,472.23,478.59,470.64,476.8,4.569999999999993,,
2021-09-28,476.8,477.96,469.49,469.78,-7.020000000000039,,
2021-09-29,469.78,475.53,469.78,473.77,3.990000000000009,,
2021-09-30,473.77,480.23,467.89,474.06,0.29000000000002046,,
2021-10-01,474.06,482.18,472.17,481.36,7.300000000000011,,
2021-10-04,481.36,484.3,476.84,479.87,-1.490000000000009,,
2021-10-05,479.87,481.73,474.88,477.41,-2.4599999999999795,,
2021-10-06,477.41,482.87,475.03,475.22,-2.1899999999999977,,
2021-10-07,475.42,478.18,471.95,475.56,0.339999999999975,,
2021-10-08,475.77,479.47,472.17,472.75,-2.8100000000000023,,
2021-10-11,472.97,475.02,471.19,471.88,-0.8700000000000045,,
2021-10-12,472.1,472.55,464.51,466.24,-5.639999999999986,,
2021-10-13,466.47,468.5,454.98,458.85,-7.389999999999986,,
2021-10-14,458.85,463.56,458.85,462.93,4.079999999999984,,
2021-10-15,462.93,471.47,461.35,469.47,6.5400000000000205,,
2021-10-18,469.47,473.58,467.26,472.91,3.4399999999999977,,
2021-10-19,472.91,477.5,471.73,472.72,-0.18999999999999773,,
2021-10-20,472.72,480.9,472.21,480.48,7.759999999999991,,
2021-10-21,480.48,481.46,472.64,473.86,-6.6200000000000045,,
2021-10-22,473.86,480.76,473.86,479.74,5.8799999999999955,,
2021-10-25,479.74,484.7,477.86,482.12,2.3799999999999955,,
2021-10-26,482.12,487.4,477.16,482.95,0.8299999999999841,,
2021-10-27,482.95,493.38,479.35,489.55,6.600000000000023,,
2021-10-28,489.55,498.27,486.48,493.6,4.050000000000011,,
2021-10-29,493.6,497.13,490.12,495.61,2.009999999999991,,
2021-11-01,495.61,506.49,492.4,504.53,8.919999999999959,,
2021-11-02,504.53,509.64,500.29,501.7,-2.829999999999984,,
2021-11-03,501.7,502.77,494.34,495.23,-6.46999999999997,,
2021-11-04,495.23,500.28,488.16,490.02,-5.210000000000036,,
2021-11-05,491.05,493.86,485.44,485.63,-4.389999999999986,,
2021-11-08,486.74,488.83,484.38,484.99,-0.6399999999999864,,
2021-11-09,486.13,496.68,483.79,491.94,6.949999999999989,,
2021-11-10,493.03,504.97,493.03,504.08,12.139999999999986,,
2021-11-11,505.18,513.54,502.87,507.44,3.3600000000000136,,
2021-11-12,507.44,516.31,504.99,513.1,5.660000000000025,,
2021-11-15,513.1,516.47,509.18,515.49,2.3899999999999864,,
2021-11-16,515.49,516.26,508.7,508.93,-6.560000000000002,,
2021-11-17,508.93,521.09,508.93,515.81,6.879999999999939,,
2021-11-18,515.81,523.81,512.86,513.11,-2.699999999999932,,
2021-11-19,513.11,516.87,509.08,513.23,0.12000000000000455,,
2021-11-22,513.23,523.76,513.23,522.41,9.17999999999995,,
2021-11-23,522.41,526.83,518.55,526.47,4.060000000000059,,
2021-11-24,526.47,530.44,520.4,521.72,-4.75,,
2021-11-26,521.72,521.84,509.03,520.48,-1.240000000000009,,
2021-11-29,520.48,525.27,511,512.44,-8.039999999999964,,
2021-11-30,512.44,512.89,493.84,497.04,-15.400000000000034,,
2021-12-01,497.04,503.25,496.42,499.8,2.759999999999991,,
2021-12-02,499.8,511.81,498.44,508.6,8.800000000000011,,
2021-12-03,508.6,515.9,507.41,510.37,1.7699999999999818,,
2021-12-06,510.37,512.94,503.23,509.89,-0.4800000000000182,,
2021-12-07,509.99,513.66,505.77,510.54,0.6500000000000341,,
2021-12-08,510.69,510.88,506.53,508.91,-1.6299999999999955,,
2021-12-09,509.06,509.63,501.04,507.15,-1.7600000000000477,,
2021-12-10,507.3,511.44,503.57,508.85,1.7000000000000455,,
2021-12-13,508.97,509.12,503.16,505.97,-2.8799999999999955,,
2021-12-14,505.97,511.64,502.36,508.83,2.859999999999957,,
2021-12-15,508.83,509.25,497.31,500.68,-8.149999999999977,,
2021-12-16,500.68,508.32,500.57,507.41,6.730000000000018,,
2021-12-17,507.41,514.04,506.54,510.24,2.829999999999984,,
2021-12-20,510.24,512.22,503.51,510.71,0.46999999999997044,,
2021-12-21,510.71,520.78,509.01,520.28,9.569999999999993,,
2021-12-22,520.28,528.3,518.17,527.11,6.830000000000041,,
2021-12-23,527.11,530.26,525.21,529.47,2.3600000000000136,,
2021-12-27,529.47,536.07,529.47,532.93,3.4599999999999227,,
2021-12-28,532.93,535.62,523.53,524.13,-8.799999999999955,,
2021-12-29,524.13,527.46,519.21,525.32,1.1900000000000546,,
2021-12-30,525.32,526.47,514.88,516.98,-8.340000000000032,,
2021-12-31,516.98,520.07,513.42,513.9,-3.080000000000041,,
2022-01-03,513.9,522.07,507.92,511.4,-2.5,,
2022-01-04,511.4,525.46,511.4,524.57,13.170000000000073,,
2022-01-05,524.57,525.01,518.34,519.88,-4.690000000000055,,
2022-01-06,519.88,519.88,510.31,516.09,-3.7899999999999636,,
2022-01-07,516.09,522.18,511.09,521.78,5.689999999999941,,
2022-01-10,521.79,522.01,513.89,517.6,-4.17999999999995,,
2022-01-11,517.6,521.89,515.42,520.4,2.7999999999999545,,
2022-01-12,520.39,521.02,513.39,518.08,-2.3199999999999363,,
2022-01-13,518.09,518.09,507.42,508.97,-9.110000000000014,,
2022-01-14,508.97,510.42,504.92,509.51,0.5399999999999636,,
2022-01-18,509.51,516.74,506.21,515.92,6.409999999999968,,
2022-01-19,515.92,529.46,515.92,528.84,12.920000000000073,,
2022-01-20,528.84,534,524.9,531.23,2.3899999999999864,,
2022-01-21,531.23,533.47,524.9,530.1,-1.1299999999999955,,
2022-01-24,530.1,535.89,525.84,535.46,5.360000000000014,,
2022-01-25,535.46,546.18,534.66,539.35,3.8899999999999864,,
2022-01-26,539.35,540.6,532.52,540.23,0.8799999999999955,,
2022-01-27,540.23,541.38,533.37,536.17,-4.060000000000059,,
2022-01-28,536.17,545.67,535.16,544.12,7.9500000000000455,,
2022-01-31,544.12,551.39,535.34,537.37,-6.75,,
2022-02-01,537.37,549.13,536.13,545.75,8.379999999999995,,
2022-02-02,545.75,552.38,535.46,539.85,-5.899999999999977,,
2022-02-03,539.85,540.77,531.08,537.19,-2.659999999999968,,
2022-02-04,537.19,543.52,535.34,542.31,5.119999999999891,,
2022-02-07,542.74,553.31,542.74,552.05,9.740000000000009,,
2022-02-08,552.56,553.34,545.74,552.2,0.15000000000009095,,
2022-02-09,552.6,561.96,550.97,561.42,9.219999999999914,,
2022-02-10,561.6,573.59,552.09,554.97,-6.449999999999932,,
2022-02-11,555.19,569.11,552.14,565.13,10.159999999999968,,
2022-02-14,565.13,571.62,556.45,566.07,0.9400000000000546,,
2022-02-15,566.07,566.07,551.67,553.57,-12.5,,
2022-02-16,553.57,561.41,552.08,560.21,6.639999999999986,,
2022-02-17,560.21,566.79,557.05,565.83,5.6200000000000045,,
2022-02-18,565.83,572.75,562.66,568.47,2.6399999999999864,,
2022-02-22,568.47,589.69,568.47,589.18,20.709999999999923,,
2022-02-23,589.18,603.62,586.42,602.89,13.710000000000036,,
2022-02-24,602.89,634.98,601.93,615.31,12.419999999999959,,
2022-02-25,615.31,624.14,579.31,579.69,-35.61999999999989,,
2022-02-28,579.69,614.53,579.69,612.82,33.129999999999995,,
2022-03-01,612.82,641.68,612.82,641.45,28.629999999999995,,
2022-03-02,641.45,666.08,635.47,654.96,13.509999999999991,,
2022-03-03,654.96,686.98,654.96,680.03,25.069999999999936,,
2022-03-04,680.03,710.84,680.03,697.53,17.5,,
2022-03-07,697.53,727.97,697.53,711.99,14.460000000000036,,
2022-03-08,711.99,729.49,677.21,711.26,-0.7300000000000182,,
2022-03-09,711.26,712.2,682.9,683.62,-27.639999999999986,,
2022-03-10,683.62,696.54,663.66,671.84,-11.779999999999973,,
2022-03-11,671.84,681.96,658.96,677.76,5.919999999999959,,
2022-03-14,677.76,684.77,663.63,671.31,-6.4500000000000455,,
2022-03-15,671.31,687.51,664.51,686.38,15.07000000000005,,
2022-03-16,686.38,687.65,655.75,656.79,-29.590000000000032,,
2022-03-17,656.79,676.27,650.56,673.07,16.280000000000086,,
2022-03-18,673.07,675.98,656.75,661.77,-11.300000000000068,,
2022-03-21,661.77,691.63,661.77,680.62,18.850000000000023,,
2022-03-22,680.62,694.81,674.92,680.08,-0.5399999999999636,,
2022-03-23,680.08,693.86,676.53,681.66,1.5799999999999272,,
2022-03-24,681.66,685.77,671.28,672.34,-9.319999999999936,,
2022-03-25,672.34,680.34,665.54,678.91,6.569999999999936,,
2022-03-28,678.91,678.91,659.56,662.69,-16.219999999999914,,
2022-03-29,662.69,664.11,628.3,643.1,-19.590000000000032,,
2022-03-30,643.1,660.6,640.7,652.63,9.529999999999973,,
2022-03-31,652.63,672.66,646.91,647.55,-5.080000000000041,,
2022-04-01,647.55,652.16,633.72,634.74,-12.809999999999945,,
2022-04-04,634.74,648.54,634.74,647.75,13.009999999999991,,
2022-04-05,647.75,670.89,647.75,662.25,14.5,,
2022-04-06,662.25,665.14,653.57,659.01,-3.240000000000009,,
2022-04-07,658.12,660.79,654.85,657.55,-1.4600000000000364,,
2022-04-08,656.85,673.53,654.65,672.25,14.700000000000045,,
2022-04-11,671.53,680.88,671.53,674.59,2.340000000000032,,
2022-04-12,674.19,688.2,673.98,685.76,11.169999999999959,,
2022-04-13,685.64,690.57,676.92,690.11,4.350000000000023,,
2022-04-14,690.11,695.45,685.91,688.18,-1.9300000000000637,,
2022-04-18,688.18,708.13,688.18,704.96,16.780000000000086,,
2022-04-19,704.96,711.48,696.58,698.34,-6.6200000000000045,,
2022-04-20,698.34,703.28,688.92,702.19,3.8500000000000227,,
2022-04-21,702.19,702.19,688.9,692.3,-9.8900000000001,,
2022-04-22,692.3,697.25,684.09,687.17,-5.1299999999999955,,
2022-04-25,687.17,692.47,680.57,688.84,1.6700000000000728,,
2022-04-26,688.84,701.56,688.29,694,5.159999999999968,,
2022-04-27,694,701.77,688.6,698.58,4.580000000000041,,
2022-04-28,698.58,704.27,694.51,696.54,-2.0400000000000773,,
2022-04-29,696.54,702.99,689.08,689.53,-7.009999999999991,,
2022-05-02,689.53,689.53,674.86,681.57,-7.959999999999923,,
2022-05-03,681.57,689.41,674.2,674.52,-7.050000000000068,,
2022-05-04,674.52,688.96,673.48,682.79,8.269999999999982,,
2022-05-05,682.79,693.85,682.79,692.75,9.960000000000036,,
2022-05-06,692.75,693.62,680.97,685.71,-7.039999999999964,,
2022-05-09,685.71,690.44,673.29,674.71,-11,,
2022-05-10,674.71,681.09,672.44,677.23,2.519999999999982,,
2022-05-11,677.23,691.53,677.23,688.14,10.909999999999968,,
2022-05-12,688.14,707.22,682.59,704.71,16.57000000000005,,
2022-05-13,704.71,713.19,698.56,704.95,0.2400000000000091,,
2022-05-16,704.95,731.72,704.95,731.36,26.409999999999968,,
2022-05-17,731.36,738.13,715.87,736.17,4.809999999999945,,
2022-05-18,736.17,737.25,712.65,717.78,-18.389999999999986,,
2022-05-19,717.78,724.58,707.71,714.5,-3.2799999999999727,,
2022-05-20,714.5,715.04,705.7,706.66,-7.840000000000032,,
2022-05-23,706.66,715.41,706.07,712.35,5.690000000000055,,
2022-05-24,712.35,716.52,691.89,699.83,-12.519999999999982,,
2022-05-25,699.83,700.55,683.17,697.49,-2.340000000000032,,
2022-05-26,697.49,705.11,684.62,698.39,0.8999999999999773,,
2022-05-27,698.39,710.54,694.45,705.93,7.539999999999964,,
2022-05-31,705.93,705.93,674.19,677.23,-28.699999999999932,,
2022-06-01,677.23,681.32,652.67,660.46,-16.769999999999982,,
2022-06-02,660.46,673.15,658.5,667.65,7.189999999999941,,
2022-06-03,667.65,670.22,658.7,659.06,-8.590000000000032,,
2022-06-06,659.06,680.03,659.06,676.13,17.07000000000005,,
2022-06-07,671.31,677.7,666.19,674.16,-1.9700000000000273,,
2022-06-08,668.92,678.22,667.99,673.09,-1.0699999999999363,,
2022-06-09,667.62,674.01,659.77,670.49,-2.6000000000000227,,
2022-06-10,664.23,666.71,657.23,664.18,-6.310000000000059,,
2022-06-13,658.34,666.01,644.55,654.38,-9.799999999999955,,
2022-06-14,654.38,654.89,647.14,648.57,-5.809999999999945,,
2022-06-15,648.57,652.61,644.13,647.37,-1.2000000000000455,,
2022-06-16,647.37,663.03,647.37,659.05,11.67999999999995,,
2022-06-17,659.05,665.27,646.33,647.37,-11.67999999999995,,
2022-06-21,647.37,647.37,617.28,621.24,-26.129999999999995,,
2022-06-22,621.24,627.02,612.11,615.4,-5.840000000000032,,
2022-06-23,615.4,615.4,584.29,588.53,-26.870000000000005,,
2022-06-24,588.53,599.06,582.98,592.19,3.660000000000082,,
2022-06-27,592.19,592.19,578.6,581.26,-10.930000000000064,,
2022-06-28,581.26,595.3,581.26,590.85,9.590000000000032,,
2022-06-29,590.85,596.67,588.03,589.52,-1.330000000000041,,
2022-06-30,589.52,591.42,564.97,565.39,-24.129999999999995,,
2022-07-01,565.39,571.83,546.31,547.56,-17.83000000000004,,
2022-07-05,547.56,547.56,516.74,520.6,-26.959999999999923,,
2022-07-06,520.6,530.37,511.01,522.83,2.230000000000018,,
2022-07-07,522.83,542.44,522.83,537.78,14.949999999999932,,
2022-07-08,537.78,562.91,537.78,561.65,23.870000000000005,,
2022-07-11,561.65,587.79,554.6,556.33,-5.319999999999936,,
2022-07-12,556.33,559.93,524.23,525.41,-30.920000000000073,,
2022-07-13,525.41,538.66,518.82,527.25,1.8400000000000318,,
2022-07-14,527.25,535.93,521.94,524.81,-2.4400000000000546,,
2022-07-15,524.81,529.64,514.36,521.07,-3.7399999999998954,,
2022-07-18,521.07,541.49,520.6,535.66,14.589999999999918,,
2022-07-19,535.66,536,519.02,527.67,-7.990000000000009,,
2022-07-20,527.67,534.76,521.39,524.73,-2.939999999999941,,
2022-07-21,524.73,527.3,510.01,513.22,-11.509999999999991,,
2022-07-22,513.22,513.8,498.61,500.53,-12.690000000000055,,
2022-07-25,500.53,514.11,500.53,512.04,11.509999999999991,,
2022-07-26,512.04,530.55,512.04,529.45,17.410000000000082,,
2022-07-27,529.45,536.04,524.15,530.09,0.6399999999999864,,
2022-07-28,530.09,546.84,530.09,544.3,14.209999999999923,,
2022-07-29,544.3,558.53,541.18,545.08,0.7800000000000864,,
2022-08-01,545.08,549.98,525.02,533.94,-11.139999999999986,,
2022-08-02,533.94,533.94,519.29,520.91,-13.030000000000086,,
2022-08-03,520.91,526.89,510.26,517.16,-3.75,,
2022-08-04,517.16,532.96,513.44,530.24,13.080000000000041,,
2022-08-05,531.24,536.21,525.55,531.01,0.7699999999999818,,
2022-08-08,531.71,536.77,524.65,530.67,-0.34000000000003183,,
2022-08-09,531.29,545.04,531.29,536.88,6.210000000000036,,
2022-08-10,537.42,550.15,536.19,542.92,6.039999999999964,,
2022-08-11,543.3,552.63,540.18,551.16,8.240000000000009,,
2022-08-12,551.16,556.64,538.24,556.24,5.080000000000041,,
2022-08-15,556.24,556.24,535.34,545.94,-10.299999999999955,,
2022-08-16,545.94,548.14,531.6,533.41,-12.530000000000086,,
2022-08-17,533.41,538.96,526.53,530.11,-3.2999999999999545,,
2022-08-18,530.11,531.95,518.21,525.55,-4.560000000000059,,
2022-08-19,525.55,534.02,523.08,533.56,8.009999999999991,,
2022-08-22,533.56,543.72,528.29,542.62,9.06000000000006,,
2022-08-23,542.62,563.21,542.62,557.13,14.509999999999991,,
2022-08-24,557.13,567.33,553.15,560.35,3.2200000000000273,,
2022-08-25,560.35,565.39,548.63,549.7,-10.649999999999977,,
2022-08-26,549.7,563.37,547.38,561.26,11.559999999999945,,
2022-08-29,561.26,574.2,558.87,573.33,12.07000000000005,,
2022-08-30,573.33,573.34,562.04,566.31,-7.0200000000000955,,
2022-08-31,566.31,569.78,557.44,565.67,-0.6399999999999864,,
2022-09-01,565.67,567.39,547.81,549.81,-15.860000000000014,,
2022-09-02,549.81,561.79,549.78,558.35,8.540000000000077,,
2022-09-06,558.35,564.35,553.98,560.99,2.6399999999999864,,
2022-09-07,560.99,579.39,555.56,563.27,2.2799999999999727,,
2022-09-08,563.27,567.79,553.17,559.7,-3.5699999999999363,,
2022-09-09,559.7,577.5,559.49,576.79,17.089999999999918,,
2022-09-12,576.79,588.62,570,586.36,9.57000000000005,,
2022-09-13,586.36,592.82,581.33,584.98,-1.3799999999999955,,
2022-09-14,584.98,587.39,579.2,581.65,-3.330000000000041,,
2022-09-15,581.65,586.11,573.18,574.01,-7.639999999999986,,
2022-09-16,574.01,579.77,566.31,576.53,2.519999999999982,,
2022-09-19,576.53,578.27,564.8,571.9,-4.6299999999999955,,
2022-09-20,571.9,592.87,571.21,591.84,19.940000000000055,,
2022-09-21,591.84,599.79,581.43,589.66,-2.1800000000000637,,
2022-09-22,589.66,595.56,584.14,592.1,2.4400000000000546,,
2022-09-23,592.1,592.1,576.19,578.34,-13.759999999999991,,
2022-09-26,578.34,580.12,567.06,568.33,-10.009999999999991,,
2022-09-27,568.33,581.89,568.16,571.46,3.1299999999999955,,
2022-09-28,571.46,580.5,566.79,579.69,8.230000000000018,,
2022-09-29,579.69,585.29,575.11,577.84,-1.8500000000000227,,
2022-09-30,577.84,594.86,577.27,581.64,3.7999999999999545,,
2022-10-03,581.64,589.21,577.06,582.02,0.37999999999999545,,
2022-10-04,582.02,589.41,579.47,582.33,0.3100000000000591,,
2022-10-05,582.33,587.03,577.01,581.25,-1.080000000000041,,
2022-10-06,581.25,582.72,569.11,571.86,-9.389999999999986,,
2022-10-07,572.11,577.72,570.61,576.15,4.289999999999964,,
2022-10-10,576.39,600.56,576.39,594.99,18.840000000000032,,
2022-10-11,595.22,596.35,584.39,585.62,-9.370000000000005,,
2022-10-12,585.86,589.07,577.45,583.31,-2.310000000000059,,
2022-10-13,583.49,590.41,575.86,587.57,4.260000000000105,,
2022-10-14,587.57,590.57,575.6,576.45,-11.120000000000005,,
2022-10-17,576.45,581.78,572.67,574.45,-2,,
2022-10-18,574.45,575.44,563.85,570.21,-4.240000000000009,,
2022-10-19,570.21,574.24,564.58,567.84,-2.3700000000000045,,
2022-10-20,567.84,574.83,566.44,573.34,5.5,,
2022-10-21,573.34,577.95,565.91,574.02,0.67999999999995,,
2022-10-24,574.02,574.02,566.33,568.2,-5.819999999999936,,
2022-10-25,568.2,571.82,564.94,570.1,1.8999999999999773,,
2022-10-26,570.1,575.02,567.51,571.04,0.9399999999999409,,
2022-10-27,571.04,576.5,567.12,569.27,-1.7699999999999818,,
2022-10-28,569.27,569.85,562.87,567.49,-1.7799999999999727,,
2022-10-31,567.49,589.22,567.49,584.97,17.480000000000018,,
2022-11-01,584.97,594.32,580.97,593.88,8.909999999999968,,
2022-11-02,593.88,594.22,573.96,578.82,-15.059999999999945,,
2022-11-03,578.82,578.82,571,573.44,-5.3799999999999955,,
2022-11-04,573.44,581.17,572.31,578.47,5.029999999999973,,
2022-11-07,579.44,582.27,573.81,576.32,-2.1499999999999773,,
2022-11-08,577.25,579.47,569.33,570.57,-5.75,,
2022-11-09,571.58,573.24,564.64,566.83,-3.740000000000009,,
2022-11-10,567.88,570.59,559.61,560.45,-6.3799999999999955,,
2022-11-11,561.54,569.75,561.54,568.07,7.6200000000000045,,
2022-11-14,568.07,571.61,563.27,566.98,-1.0900000000000318,,
2022-11-15,566.98,579.96,561.15,573.98,7,,
2022-11-16,573.98,573.98,563.73,568.35,-5.6299999999999955,,
2022-11-17,568.35,568.35,558.99,564.63,-3.7200000000000273,,
2022-11-18,564.63,568.81,562.88,565.29,0.6599999999999682,,
2022-11-21,565.29,565.89,559,563.21,-2.0799999999999272,,
2022-11-22,563.21,565.23,558.72,559.11,-4.100000000000023,,
2022-11-23,559.11,564.03,555.91,563.15,4.039999999999964,,
2022-11-25,563.15,567.72,560.51,561.83,-1.3199999999999363,,
2022-11-28,561.83,561.83,554.68,560.26,-1.57000000000005,,
2022-11-29,560.26,564.31,558.16,559.48,-0.7799999999999727,,
2022-11-30,559.48,564.34,558.72,562.62,3.1399999999999864,,
2022-12-01,562.62,562.62,553.07,553.82,-8.799999999999955,,
2022-12-02,553.82,554.07,544,544.98,-8.840000000000032,,
2022-12-05,544.98,547.85,536.08,537.57,-7.409999999999968,,
2022-12-06,537.57,542.93,533.66,535.81,-1.7600000000001046,,
2022-12-07,535.94,546.08,535.17,543.97,8.160000000000082,,
